created_at,entry_id_pzem,Voltage solar panel,Current Solar panel,Power Solar Panel,Voltage Battery,Current Battery,Power Battery,Voltage Load,Current Load,latitude_pzem,longitude_pzem,elevation_pzem,status_pzem,entry_id_weather,temperature,Humidity,light intensity,irradiance,voltage irradiance,current irradiance,latitude_weather,longitude_weather,elevation_weather,status_weather,date
2025-05-21 06:00:00+07:00,8033.5,9.39,0.02,0.1,25.59,0.03,0.7,,,,,,,13317.5,20.6,73.45,15.833335,0.0008749999999999,0.01,0.1,,,,,2025-05-21
2025-05-21 06:02:00+07:00,8035.5,14.815,0.02,0.25,25.59,0.035,0.85,,,,,,,13319.5,20.6,73.69999999999999,24.16667,0.00105,0.012,0.1,,,,,2025-05-21
2025-05-21 06:04:00+07:00,8037.5,19.305,0.02,0.35,25.59,0.035,0.85,,,,,,,13321.5,20.6,73.85,37.499995,0.00053,0.012,0.05,,,,,2025-05-21
2025-05-21 06:06:00+07:00,8039.5,23.885,0.03,0.6499999999999999,25.59,0.03,0.7,,,,,,,13323.5,20.7,73.69999999999999,59.58333,0.00123,0.014,0.1,,,,,2025-05-21
2025-05-21 06:08:00+07:00,8041.5,25.855,0.02,0.6,25.59,0.035,0.85,,,,,,,13325.5,20.7,73.55,87.5,0.00528,0.02,0.3,,,,,2025-05-21
2025-05-21 06:10:00+07:00,8043.5,26.18,0.03,0.75,25.59,0.03,0.7,,,,,,,13327.5,20.75,73.45,115.41666,0.005275,0.024,0.25,,,,,2025-05-21
2025-05-21 06:12:00+07:00,8045.5,26.35,0.02,0.5,25.59,0.03,0.7,,,,,,,13329.5,20.8,73.45,142.08333,0.003515,0.026,0.15,,,,,2025-05-21
2025-05-21 06:14:00+07:00,8047.5,26.630000000000003,0.02,0.75,25.59,0.03,0.7,,,,,,,13331.5,20.8,73.5,175.416665,0.01021,0.026,0.45,,,,,2025-05-21
2025-05-21 06:16:00+07:00,8049.5,26.985,0.01,0.5,25.59,0.02,0.5,,,,,,,13333.5,20.9,73.45,217.08333,0.01549,0.032,0.55,,,,,2025-05-21
2025-05-21 06:18:00+07:00,8051.5,27.425,0.01,0.25,25.59,0.02,0.5,,,,,,,13335.5,20.9,73.3,268.33332,0.026735,0.038,0.8,,,,,2025-05-21
2025-05-21 06:26:00+07:00,8059.5,29.25,0.02,0.5,25.59,0.0,0.0,,,,,,,13343.5,21.15,73.69999999999999,642.916655,0.147895,0.08,2.1,,,,,2025-05-21
2025-05-21 06:28:00+07:00,8061.5,29.56,0.03,0.8,25.555,0.21,5.35,,,,,,,13345.5,21.2,73.6,797.4999700000001,0.2073999999999999,0.1,2.35,,,,,2025-05-21
2025-05-21 06:30:00+07:00,8063.5,29.9,0.045,1.25,25.585,0.035,0.85,,,,,,,13347.5,21.3,73.6,967.49997,0.2821249999999999,0.1139999999999999,2.8,,,,,2025-05-21
2025-05-21 06:32:00+07:00,8065.5,30.09,0.05,1.5,25.555,0.235,5.95,,,,,,,13349.5,21.4,73.5,1177.9166249999998,0.4256649999999999,0.14,3.45,,,,,2025-05-21
2025-05-21 06:34:00+07:00,8067.5,30.405,0.08,2.1,25.59,0.065,1.6,,,,,,,13351.5,21.4,73.3,1464.99994,0.631335,0.1699999999999999,4.2,,,,,2025-05-21
2025-05-21 06:36:00+07:00,8069.5,30.615,0.105,3.15,25.555,0.235,5.95,,,,,,,13353.5,21.5,73.1,1841.66663,1.03906,0.214,5.5,,,,,2025-05-21
2025-05-21 06:38:00+07:00,8071.5,30.88,0.13,3.95,25.595,0.1149999999999999,2.9,,,,,,,13355.5,21.65,73.1,2239.166625,1.49006,0.252,6.7,,,,,2025-05-21
2025-05-21 06:40:00+07:00,8073.5,30.98,0.155,4.6,25.565,0.22,5.55,,,,,,,13357.5,21.75,73.0,2620.83325,1.970255,0.294,7.6,,,,,2025-05-21
2025-05-21 06:42:00+07:00,8075.5,31.09,0.175,5.4,25.565,0.21,5.3,,,,,,,13359.5,21.9,72.80000000000001,3004.166625,2.545385,0.3339999999999999,8.65,,,,,2025-05-21
2025-05-21 06:44:00+07:00,8077.5,31.21,0.195,6.050000000000001,25.565,0.255,6.449999999999999,,,,,,,13361.5,22.05,72.5,3388.749875,3.19653,0.374,9.7,,,,,2025-05-21
2025-05-21 06:46:00+07:00,8079.5,31.315,0.225,7.0,25.575,0.185,4.65,,,,,,,13363.5,22.25,72.2,3747.499875,3.975715,0.414,10.9,,,,,2025-05-21
2025-05-21 06:48:00+07:00,8081.5,31.355,0.245,7.65,25.575000000000003,0.25,6.3,,,,,,,13365.5,22.35,72.15,4049.58325,4.61412,0.444,11.8,,,,,2025-05-21
2025-05-21 06:50:00+07:00,8083.5,31.395,0.24,7.5,25.59,0.17,4.3,,,,,,,13367.5,22.55,71.95,4149.166505,4.594215,0.444,11.75,,,,,2025-05-21
2025-05-21 06:52:00+07:00,8085.5,31.48,0.26,8.0,25.585,0.255,6.449999999999999,,,,,,,13369.5,22.65,71.75,4306.249755000001,4.695955,0.45,11.85,,,,,2025-05-21
2025-05-21 06:54:00+07:00,8087.5,31.52,0.255,7.949999999999999,25.585,0.25,6.35,,,,,,,13371.5,22.85,71.6,4449.999755000001,4.6769300000000005,0.452,11.75,,,,,2025-05-21
2025-05-21 06:56:00+07:00,8089.5,31.525,0.245,7.65,25.605,0.15,3.75,,,,,,,13373.5,23.05,71.45,4457.916505,4.494115,0.438,11.65,,,,,2025-05-21
2025-05-21 06:58:00+07:00,8091.5,31.53,0.25,7.8,25.605,0.215,5.449999999999999,,,,,,,13375.5,23.25,71.85,4502.5,4.28031,0.434,11.2,,,,,2025-05-21
2025-05-21 07:00:00+07:00,8093.5,31.565,0.25,7.7,25.61,0.165,4.15,,,,,,,13377.5,23.45,71.35,4596.25,4.397114999999999,0.438,11.4,,,,,2025-05-21
2025-05-21 07:02:00+07:00,8095.5,31.585,0.25,7.550000000000001,25.61,0.17,4.3,,,,,,,13379.5,23.65,71.5,4685.83325,4.3588000000000005,0.44,11.25,,,,,2025-05-21
2025-05-21 07:04:00+07:00,8097.5,31.59,0.25,7.65,25.61,0.21,5.449999999999999,,,,,,,13381.5,23.85,72.0,4748.33325,4.3589,0.44,11.25,,,,,2025-05-21
2025-05-21 07:06:00+07:00,8099.5,31.6,0.25,7.85,25.62,0.1649999999999999,4.199999999999999,,,,,,,13383.5,24.05,71.25,4819.999755000001,4.359295,0.442,11.2,,,,,2025-05-21
2025-05-21 07:08:00+07:00,8101.5,31.61,0.255,8.0,25.6,0.25,6.35,,,,,,,13385.5,24.25,70.95,4944.58301,4.65672,0.452,11.7,,,,,2025-05-21
2025-05-21 07:10:00+07:00,8103.5,31.64,0.265,8.35,25.605,0.22,5.6,,,,,,,13387.5,24.4,70.7,5059.58325,4.7590900000000005,0.458,11.8,,,,,2025-05-21
2025-05-21 07:12:00+07:00,8105.5,31.645000000000003,0.27,8.5,25.6,0.255,6.5,,,,,,,13389.5,24.55,70.55,5383.75,4.924099999999999,0.466,12.0,,,,,2025-05-21
2025-05-21 07:14:00+07:00,8107.5,31.65,0.275,8.65,25.61,0.215,5.6,,,,,,,13391.5,24.75,70.45,6549.999755000001,5.218575,0.476,12.45,,,,,2025-05-21
2025-05-21 07:16:00+07:00,8109.5,31.645,0.285,8.8,25.6,0.085,2.15,,,,,,,13393.5,24.9,70.2,7044.583005,5.393255,0.49,12.5,,,,,2025-05-21
2025-05-21 07:18:00+07:00,8111.5,31.63,0.305,9.55,25.615,0.245,6.199999999999999,,,,,,,13395.5,25.05,70.0,7237.9165,6.12237,0.52,13.35,,,,,2025-05-21
2025-05-21 07:20:00+07:00,8113.5,31.925,0.36,11.4,25.625,0.21,5.3,,,,,,,13397.5,25.15,69.9,10589.16602,14.86727,0.798,20.75,,,,,2025-05-21
2025-05-21 07:22:00+07:00,8115.5,32.07,0.4549999999999999,14.55,25.655,0.28,7.15,,,,,,,13399.5,25.25,69.85,9563.749515,23.715845,1.014,26.55,,,,,2025-05-21
2025-05-21 07:24:00+07:00,8117.5,31.96,0.38,12.1,25.635,0.2199999999999999,5.75,,,,,,,13401.5,25.35,69.8,7231.66626,14.431175,0.796,20.55,,,,,2025-05-21
2025-05-21 07:26:00+07:00,8119.5,31.985,0.4,12.75,25.61,0.1,2.5,,,,,,,13403.5,25.5,69.65,7792.916505,18.23826,0.892,23.200000000000003,,,,,2025-05-21
2025-05-21 07:28:00+07:00,8121.5,32.004999999999995,0.4649999999999999,14.5,25.62,0.02,0.5,,,,,,,13405.5,25.700000000000003,69.45,8097.91626,18.973565,0.914,23.55,,,,,2025-05-21
2025-05-21 07:30:00+07:00,8123.5,31.97,0.425,13.35,25.615,0.015,0.35,,,,,,,13407.5,26.1,68.9,8175.416505,14.394265,0.796,20.5,,,,,2025-05-21
2025-05-21 07:32:00+07:00,8125.5,32.175,0.5549999999999999,17.5,25.635,0.11,2.75,,,,,,,13409.5,26.65,68.0,9683.749515,24.3216,1.026,26.6,,,,,2025-05-21
2025-05-21 07:34:00+07:00,8127.5,32.254999999999995,0.7050000000000001,22.7,25.67,0.295,7.55,,,,,,,13411.5,27.35,66.7,13945.83252,41.44698,1.34,35.1,,,,,2025-05-21
2025-05-21 07:36:00+07:00,8129.5,32.295,0.785,25.3,25.715,0.415,10.65,,,,,,,13413.5,28.5,65.30000000000001,15010.416015,43.65219,1.358,36.5,,,,,2025-05-21
2025-05-21 07:38:00+07:00,8131.5,32.315,0.8,25.65,25.755000000000003,0.5,12.85,,,,,,,13415.5,29.950000000000003,63.1,15098.33252,44.13484,1.356,36.95,,,,,2025-05-21
2025-05-21 07:40:00+07:00,8133.5,32.355000000000004,0.83,26.65,25.78,0.54,13.85,,,,,,,13417.5,31.3,60.85,15709.999515,47.857815,1.404,38.7,,,,,2025-05-21
2025-05-21 07:42:00+07:00,8135.5,32.395,0.865,27.8,25.805,0.59,15.45,,,,,,,13419.5,32.5,59.05,16339.999025,52.11993,1.47,40.25,,,,,2025-05-21
2025-05-21 07:44:00+07:00,8137.5,32.445,0.915,29.65,25.84,0.625,16.1,,,,,,,13421.5,33.55,57.75,17103.749025,56.81129,1.534,42.05,,,,,2025-05-21
2025-05-21 07:46:00+07:00,8139.5,32.485,0.93,30.0,25.845,0.635,16.4,,,,,,,13423.5,34.5,56.3,17525.83203,60.261475,1.582,43.25,,,,,2025-05-21
2025-05-21 07:48:00+07:00,8141.5,32.53,0.95,30.85,25.880000000000003,0.745,17.55,,,,,,,13425.5,35.3,55.15,17828.333010000002,63.036865000000006,1.612,44.400000000000006,,,,,2025-05-21
2025-05-21 07:50:00+07:00,8143.5,32.56,0.975,31.7,25.9,0.74,19.15,,,,,,,13427.5,36.05,54.2,18142.916015000003,65.705805,1.656,45.05,,,,,2025-05-21
2025-05-21 07:52:00+07:00,8145.5,32.605000000000004,1.015,33.0,25.92,0.75,20.4,,,,,,,13429.5,36.65,53.4,18685.416015000003,70.449495,1.72,46.5,,,,,2025-05-21
2025-05-21 07:54:00+07:00,8147.5,32.62,1.0550000000000002,34.05,25.935,0.825,21.35,,,,,,,13431.5,37.25,52.9,19423.33203,76.58999,1.782,48.8,,,,,2025-05-21
2025-05-21 07:56:00+07:00,8149.5,32.635,1.085,34.9,25.94,0.775,20.05,,,,,,,13433.5,37.900000000000006,52.4,20024.58203,80.794115,1.844,49.75,,,,,2025-05-21
2025-05-21 07:58:00+07:00,8151.5,32.655,1.105,36.05,25.955,0.8,20.75,,,,,,,13435.5,38.5,51.9,20437.916015000003,85.337505,1.898,51.05,,,,,2025-05-21
2025-05-21 08:00:00+07:00,8153.5,32.67,1.1150000000000002,36.35,25.96,0.815,21.2,,,,,,,13437.5,39.05,50.900000000000006,20691.25,89.99935500000001,1.954,52.3,,,,,2025-05-21
2025-05-21 08:02:00+07:00,8155.5,32.68,1.105,36.05,25.97,0.825,21.35,,,,,,,13439.5,39.5,50.45,20985.0,94.796805,2.008,53.6,,,,,2025-05-21
2025-05-21 08:04:00+07:00,8157.5,32.695,1.15,37.55,25.985,0.865,22.4,,,,,,,13441.5,39.85,50.25,21692.91602,104.68322,2.136,55.65,,,,,2025-05-21
2025-05-21 08:06:00+07:00,8159.5,32.7,1.1549999999999998,37.75,25.995,0.875,22.700000000000003,,,,,,,13443.5,40.35,50.1,21967.91602,107.9611,2.1660000000000004,56.6,,,,,2025-05-21
2025-05-21 08:08:00+07:00,8161.5,32.705,1.16,37.75,26.005000000000003,0.885,22.950000000000003,,,,,,,13445.5,40.8,49.4,21840.416015000003,108.284415,2.144,57.35,,,,,2025-05-21
2025-05-21 08:10:00+07:00,8163.5,32.75,1.1949999999999998,39.1,26.015,0.92,23.9,,,,,,,13447.5,41.1,48.75,22686.66602,117.152015,2.2300000000000004,59.65,,,,,2025-05-21
2025-05-21 08:12:00+07:00,8165.5,32.775000000000006,1.225,40.1,26.02,0.94,24.4,,,,,,,13449.5,41.4,48.35,23347.08301,125.973685,2.324,61.55,,,,,2025-05-21
2025-05-21 08:14:00+07:00,8167.5,32.77,1.225,40.1,26.03,0.955,24.8,,,,,,,13451.5,41.650000000000006,47.95,23557.08301,132.614405,2.398,62.8,,,,,2025-05-21
2025-05-21 08:16:00+07:00,8169.5,32.78,1.265,41.45,26.04,0.99,25.7,,,,,,,13453.5,41.95,47.65,24046.666015000003,139.71831,2.456,64.6,,,,,2025-05-21
2025-05-21 08:18:00+07:00,8171.5,32.78,1.275,41.75,26.05,1.005,26.15,,,,,,,13455.5,42.25,47.45,24364.166015000003,145.554415,2.512,65.80000000000001,,,,,2025-05-21
2025-05-21 08:20:00+07:00,8173.5,32.805,1.3,42.6,26.06,1.02,26.55,,,,,,,13457.5,42.55,47.1,24502.916015000003,150.129745,2.552,66.8,,,,,2025-05-21
2025-05-21 08:22:00+07:00,8175.5,32.82,1.3050000000000002,42.75,26.07,1.035,26.950000000000003,,,,,,,13459.5,42.8,46.9,25213.74805,161.00402000000005,2.6420000000000003,69.2,,,,,2025-05-21
2025-05-21 08:24:00+07:00,8177.5,32.815,1.33,43.6,26.08,1.05,27.3,,,,,,,13461.5,43.2,46.5,25602.082035,168.20597,2.696,70.85,,,,,2025-05-21
2025-05-21 08:26:00+07:00,8179.5,32.83,1.3450000000000002,44.1,26.085,1.07,27.85,,,,,,,13463.5,43.45,45.5,26124.16504,180.304405,2.812,72.80000000000001,,,,,2025-05-21
2025-05-21 08:28:00+07:00,8181.5,32.85,1.39,45.65,26.1,1.1150000000000002,29.05,,,,,,,13465.5,43.6,45.75,27209.99805,200.526335,2.986,76.25,,,,,2025-05-21
2025-05-21 08:30:00+07:00,8183.5,32.875,1.41,46.3,26.105,1.13,29.45,,,,,,,13467.5,43.85,45.25,27716.249025,215.260535,3.1260000000000003,78.2,,,,,2025-05-21
2025-05-21 08:32:00+07:00,8185.5,32.879999999999995,1.43,47.0,26.12,1.1549999999999998,30.1,,,,,,,13469.5,43.9,44.900000000000006,28114.999025,224.84061,3.202,79.75,,,,,2025-05-21
2025-05-21 08:34:00+07:00,8187.5,32.83,1.42,46.400000000000006,26.125,1.14,29.7,,,,,,,13471.5,43.95,44.9,27645.83203,221.342575,3.178,79.1,,,,,2025-05-21
2025-05-21 08:36:00+07:00,8189.5,32.82,1.435,47.05,26.13,1.1549999999999998,30.15,,,,,,,13473.5,44.1,45.25,28413.74805,234.797555,3.272,81.5,,,,,2025-05-21
2025-05-21 08:38:00+07:00,8191.5,32.82,1.435,47.05,26.14,1.1549999999999998,30.15,,,,,,,13475.5,44.4,45.150000000000006,28668.749025,241.7413,3.336,82.3,,,,,2025-05-21
2025-05-21 08:40:00+07:00,8193.5,32.83,1.465,48.05,26.145,1.18,30.950000000000003,,,,,,,13477.5,44.75,44.55,29363.33203,254.951355,3.424,84.55000000000001,,,,,2025-05-21
2025-05-21 08:42:00+07:00,8195.5,32.805,1.51,49.5,26.16,1.23,32.1,,,,,,,13479.5,44.85,43.9,30461.24805,281.73787000000004,3.67,87.19999999999999,,,,,2025-05-21
2025-05-21 08:44:00+07:00,8197.5,32.825,1.545,50.65,26.175,1.26,32.95,,,,,,,13481.5,45.05,44.1,31322.08203,306.417835,3.94,88.35,,,,,2025-05-21
2025-05-21 08:46:00+07:00,8199.5,32.795,1.54,50.45,26.18,1.265,33.05,,,,,,,13483.5,45.25,43.65,31598.332035,313.704395,4.05,88.0,,,,,2025-05-21
2025-05-21 08:48:00+07:00,8201.5,32.79,1.56,51.1,26.19,1.285,33.6,,,,,,,13485.5,45.5,43.55,32028.332035,322.33914500000003,4.164,87.94999999999999,,,,,2025-05-21
2025-05-21 08:50:00+07:00,8203.5,32.805,1.605,52.6,26.205,1.33,34.8,,,,,,,13487.5,45.75,43.1,33006.249025,334.61885,4.224,90.0,,,,,2025-05-21
2025-05-21 08:52:00+07:00,8205.5,32.81,1.645,53.9,26.215,1.365,35.7,,,,,,,13489.5,46.0,42.85,34025.83203,336.70168,3.996,95.7,,,,,2025-05-21
2025-05-21 08:54:00+07:00,8207.5,32.795,1.665,54.55,26.23,1.395,36.55,,,,,,,13491.5,46.3,42.8,34671.666014999995,348.40155,4.176,94.8,,,,,2025-05-21
2025-05-21 08:56:00+07:00,8209.5,32.76,1.67,54.65,26.24,1.4049999999999998,36.8,,,,,,,13493.5,46.55,42.5,34782.916014999995,352.751265,4.3,93.2,,,,,2025-05-21
2025-05-21 08:58:00+07:00,8211.5,32.795,1.6949999999999998,55.55,26.245,1.42,37.25,,,,,,,13495.5,46.6,42.150000000000006,34953.332030000005,349.021725,4.01,98.85,,,,,2025-05-21
2025-05-21 09:00:00+07:00,8213.5,32.79,1.73,56.65,26.265,1.465,38.45,,,,,,,13497.5,46.8,42.15,35991.666014999995,367.25134,4.182,99.75,,,,,2025-05-21
2025-05-21 09:02:00+07:00,8215.5,32.79,1.785,58.5,26.28,1.52,39.9,,,,,,,13499.5,46.9,42.0,37531.25,383.09137,4.33,100.5,,,,,2025-05-21
2025-05-21 09:04:00+07:00,8217.5,32.75,1.775,58.1,26.3,1.595,41.9,,,,,,,13501.5,47.1,42.0,37312.082030000005,379.584995,4.34,99.35,,,,,2025-05-21
2025-05-21 09:06:00+07:00,8219.5,32.095,1.035,33.3,26.2,0.7649999999999999,20.0,,,,,,,13503.5,47.35,41.75,21777.08252,164.36473999999998,2.798,57.5,,,,,2025-05-21
2025-05-21 09:08:00+07:00,8221.5,31.675,0.5700000000000001,18.0,26.12,0.305,7.949999999999999,,,,,,,13505.5,46.35,42.05,12235.83301,34.916135,1.302,30.4,,,,,2025-05-21
2025-05-21 09:10:00+07:00,8223.5,32.26,1.025,33.3,26.16,0.765,20.0,,,,,,,13507.5,44.3,43.85,20903.33301,146.817755,2.296,59.1,,,,,2025-05-21
2025-05-21 09:12:00+07:00,8225.5,33.015,1.86,61.35,26.29,1.59,41.75,,,,,,,13509.5,43.1,45.6,38143.748045,392.3862,3.944,112.95,,,,,2025-05-21
2025-05-21 09:14:00+07:00,8227.5,32.900000000000006,1.82,59.85,26.315,1.56,41.0,,,,,,,13511.5,43.65,45.3,37701.66406,379.542295,3.898,110.55,,,,,2025-05-21
2025-05-21 09:16:00+07:00,8229.5,32.82,1.8,58.7,26.325,1.53,40.25,,,,,,,13513.5,44.400000000000006,44.5,37326.248045,377.922195,3.944,108.8,,,,,2025-05-21
2025-05-21 09:18:00+07:00,8231.5,32.78,1.795,58.8,26.325,1.525,40.1,,,,,,,13515.5,45.05,43.35,37348.75,378.20839,4.01,107.1,,,,,2025-05-21
2025-05-21 09:20:00+07:00,8233.5,32.739999999999995,1.79,58.55,26.34,1.525,40.1,,,,,,,13517.5,45.5,42.8,37248.75,382.18414,4.14,104.85,,,,,2025-05-21
2025-05-21 09:22:00+07:00,8235.5,32.685,1.74,56.85,26.34,1.465,38.55,,,,,,,13519.5,45.8,42.5,36088.332030000005,370.7093200000001,4.3,97.9,,,,,2025-05-21
2025-05-21 09:24:00+07:00,8237.5,32.685,1.73,56.5,26.36,1.58,41.6,,,,,,,13521.5,46.0,41.75,35126.248045,362.088455,4.368,94.1,,,,,2025-05-21
2025-05-21 09:26:00+07:00,8239.5,32.724999999999994,1.745,57.05,26.375,1.525,40.150000000000006,,,,,,,13523.5,46.1,41.4,36192.498045,376.968245,4.390000000000001,97.55,,,,,2025-05-21
2025-05-21 09:28:00+07:00,8241.5,32.42,1.32,43.3,26.32,1.155,30.35,,,,,,,13525.5,45.95,41.45,24261.66602,219.89296,3.2060000000000004,75.65,,,,,2025-05-21
2025-05-21 09:30:00+07:00,8243.5,32.645,1.615,52.35,26.365,1.485,38.45,,,,,,,13527.5,45.35,41.900000000000006,32250.83203,314.635605,3.69,96.05,,,,,2025-05-21
2025-05-21 09:32:00+07:00,8245.5,32.635,1.665,54.400000000000006,26.385,1.51,38.9,,,,,,,13529.5,45.25,42.3,34307.91504,331.66663,3.866000000000001,94.35,,,,,2025-05-21
2025-05-21 09:34:00+07:00,8247.5,32.935,2.105,69.25,26.445,1.875,49.55,,,,,,,13531.5,44.95,42.3,44624.998045,461.808045,4.476,117.15,,,,,2025-05-21
2025-05-21 09:36:00+07:00,8249.5,32.95,2.21,72.75,26.48,2.025,53.55,,,,,,,13533.5,45.0,42.75,47889.166015,464.46614,4.656000000000001,113.3,,,,,2025-05-21
2025-05-21 09:38:00+07:00,8251.5,32.82,2.14,70.05,26.47,1.9,48.65,,,,,,,13535.5,45.45,42.35,46299.16406,463.597595,4.42,119.25,,,,,2025-05-21
2025-05-21 09:40:00+07:00,8253.5,32.765,2.04,66.6,26.475,1.855,49.05,,,,,,,13537.5,45.9,41.8,43640.83203,445.238145,4.286,117.95,,,,,2025-05-21
2025-05-21 09:42:00+07:00,8255.5,32.735,2.015,65.95,26.46,1.805,47.7,,,,,,,13539.5,46.1,40.55,43189.998045,436.3367,4.3100000000000005,114.95,,,,,2025-05-21
2025-05-21 09:44:00+07:00,8257.5,32.695,1.96,64.05000000000001,26.46,1.72,45.45,,,,,,,13541.5,46.05,40.8,41719.16406,428.5614000000001,4.3260000000000005,112.5,,,,,2025-05-21
2025-05-21 09:46:00+07:00,8259.5,32.68,1.94,63.3,26.475,1.77,46.8,,,,,,,13543.5,45.95,41.0,41845.832030000005,429.29228,4.316000000000001,112.95,,,,,2025-05-21
2025-05-21 09:48:00+07:00,8261.5,32.72,1.92,62.8,26.49,1.72,45.5,,,,,,,13545.5,45.8,41.35,41680.83203,421.103745,4.324,110.6,,,,,2025-05-21
2025-05-21 09:50:00+07:00,8263.5,32.76,1.95,63.8,26.49,1.81,47.900000000000006,,,,,,,13547.5,45.650000000000006,41.0,42461.25,437.239625,4.41,112.6,,,,,2025-05-21
2025-05-21 09:52:00+07:00,8265.5,32.735,1.955,63.95,26.5,1.85,48.95,,,,,,,13549.5,45.45,41.5,42697.916015,427.48537,4.432,109.55,,,,,2025-05-21
2025-05-21 09:54:00+07:00,8267.5,32.760000000000005,1.995,65.3,26.515,1.89,50.2,,,,,,,13551.5,45.35,41.1,44181.25,437.80864,4.502000000000001,110.45,,,,,2025-05-21
2025-05-21 09:56:00+07:00,8269.5,32.754999999999995,3.02,98.85,26.53,1.77,46.9,,,,,,,13553.5,45.25,40.15,45282.498045,448.14757,4.488,113.45,,,,,2025-05-21
2025-05-21 09:58:00+07:00,8271.5,32.765,2.995,98.05,26.53,1.795,47.6,,,,,,,13555.5,43.75,39.5,45166.66406,450.392715,4.438000000000001,115.25,,,,,2025-05-21
2025-05-21 10:00:00+07:00,8273.5,32.8,3.04,99.5,26.55,1.925,51.1,,,,,,,13557.5,44.150000000000006,40.15,46220.41406,454.10103,4.526,113.95,,,,,2025-05-21
2025-05-21 10:02:00+07:00,8275.5,32.8,3.065,100.5,26.555,1.79,47.5,,,,,,,13559.5,44.4,40.650000000000006,47145.416015,446.55733,4.582,110.7,,,,,2025-05-21
2025-05-21 10:04:00+07:00,8277.5,32.815,3.12,102.3,26.565,1.94,51.5,,,,,,,13561.5,44.650000000000006,40.85,47983.33203,448.155515,4.5920000000000005,110.85,,,,,2025-05-21
2025-05-21 10:06:00+07:00,8279.5,32.79,3.14,102.9,26.585,1.92,50.95,,,,,,,13563.5,44.85,40.9,48628.748045,440.94049,4.612,108.6,,,,,2025-05-21
2025-05-21 10:08:00+07:00,8281.5,32.8,3.185,104.4,26.585,1.81,48.1,,,,,,,13565.5,44.9,41.150000000000006,49535.83203,445.182295,4.618,109.5,,,,,2025-05-21
2025-05-21 10:10:00+07:00,8283.5,32.795,3.31,108.2,26.575,1.785,47.4,,,,,,,13567.5,44.95,41.5,52742.91406,452.720715,4.66,110.35,,,,,2025-05-21
2025-05-21 10:12:00+07:00,8285.5,32.8,3.43,112.45,26.595,1.875,49.85,,,,,,,13569.5,45.150000000000006,41.7,54612.49609,461.46988,4.682,111.95,,,,,2025-05-21
2025-05-21 10:14:00+07:00,8287.5,32.805,3.6,118.05,26.615,1.97,52.5,,,,,,,13571.5,45.3,41.75,54612.49609,465.64923,4.714,112.2,,,,,2025-05-21
2025-05-21 10:16:00+07:00,8289.5,32.745000000000005,3.395,111.15,26.62,1.975,52.55,,,,,,,13573.5,45.45,41.8,54612.49609,459.052475,4.708,110.75,,,,,2025-05-21
2025-05-21 10:18:00+07:00,8291.5,32.555,2.41,78.5,26.56,1.5499999999999998,41.15,,,,,,,13575.5,45.55,41.900000000000006,45262.080075000005,419.27129,4.226,110.800005,,,,,2025-05-21
2025-05-21 10:20:00+07:00,8293.5,32.77,2.6,85.0,26.57,1.625,43.15,,,,,,,13577.5,45.4,41.25,50970.41406,485.03146,4.508,122.15,,,,,2025-05-21
2025-05-21 10:22:00+07:00,8295.5,32.95,3.085,101.65,26.61,2.035,54.1,,,,,,,13579.5,45.05,41.6,49125.832030000005,482.64363,4.438000000000001,123.35,,,,,2025-05-21
2025-05-21 10:24:00+07:00,8297.5,32.43,2.165,70.2,26.55,1.33,35.3,,,,,,,13581.5,44.8,42.05,36046.666015,301.08802,3.492,93.1,,,,,2025-05-21
2025-05-21 10:26:00+07:00,8299.5,32.97,3.2350000000000003,106.65,26.655,2.16,57.8,,,,,,,13583.0,44.5,42.3,50134.99609,500.18921,4.468,127.1,,,,,2025-05-21
2025-05-21 10:28:00+07:00,8301.5,32.855000000000004,3.12,102.3,26.65,1.905,50.7,,,,,,,13584.0,44.1,42.5,52373.33203,498.52899,4.532,124.9,,,,,2025-05-21
2025-05-21 10:30:00+07:00,8303.5,32.885000000000005,2.975,97.8,26.66,2.0,53.25,,,,,,,13585.5,43.85,42.95,53038.748045,495.657195,4.523999999999999,124.4,,,,,2025-05-21
2025-05-21 10:32:00+07:00,8305.5,32.885,3.42,112.4,26.67,2.075,55.3,,,,,,,13587.5,43.75,42.9,54154.16406,505.02542,4.538,126.35,,,,,2025-05-21
2025-05-21 10:34:00+07:00,8307.5,32.845,3.355,110.15,26.675,2.04,54.35,,,,,,,13589.5,43.55,43.0,53690.830075000005,497.63454,4.516,125.1,,,,,2025-05-21
2025-05-21 10:36:00+07:00,8309.5,32.260000000000005,2.05,66.1,26.57,1.165,30.9,,,,,,,13591.5,43.55,43.0,32313.331055,256.31122,3.204,90.6,,,,,2025-05-21
2025-05-21 10:38:00+07:00,8311.5,32.379999999999995,2.135,69.25,26.565,1.24,32.9,,,,,,,13593.5,43.45,43.25,33074.58301,285.24831,3.27,92.85,,,,,2025-05-21
2025-05-21 10:40:00+07:00,8313.5,32.75,2.545,83.6,26.585,1.53,41.45,,,,,,,13595.5,43.150000000000006,43.35,39472.91406,373.20513,3.722,107.000005,,,,,2025-05-21
2025-05-21 10:42:00+07:00,8315.5,33.085,3.34,110.45,26.68,2.0700000000000003,55.2,,,,,,,13597.5,42.8,43.45,53613.74609,528.58017,4.545999999999999,132.0,,,,,2025-05-21
2025-05-21 10:44:00+07:00,8317.5,32.95,3.26,107.35,26.68,2.01,53.6,,,,,,,13599.5,42.8,43.650000000000006,52674.580075000005,504.42461,4.522,126.65,,,,,2025-05-21
2025-05-21 10:46:00+07:00,8319.5,32.885,3.33,109.45,26.69,2.03,54.1,,,,,,,13601.5,42.85,43.75,53444.580075000005,496.620025,4.5,125.3,,,,,2025-05-21
2025-05-21 10:48:00+07:00,8321.5,32.724999999999994,3.08,100.75,26.68,1.865,49.7,,,,,,,13603.5,42.95,43.8,49000.83203,459.15581,4.3580000000000005,119.6,,,,,2025-05-21
2025-05-21 10:50:00+07:00,8323.5,32.845,3.3,108.3,26.7,2.02,53.9,,,,,,,13605.5,43.0,43.4,52745.83203,498.104125,4.492,125.9,,,,,2025-05-21
2025-05-21 10:52:00+07:00,8325.5,32.835,3.315,108.8,26.705,2.04,54.45,,,,,,,13607.5,42.95,43.4,53397.498045,491.44458,4.5,124.0,,,,,2025-05-21
2025-05-21 10:54:00+07:00,8327.5,32.83,3.34,109.6,26.715,2.06,54.95,,,,,,,13609.5,42.9,43.55,53855.830075000005,493.558715,4.494,124.7,,,,,2025-05-21
2025-05-21 10:56:00+07:00,8329.5,32.725,3.17,103.7,26.705,1.95,52.05,,,,,,,13611.5,42.9,43.6,50974.998045,467.15732,4.38,120.95,,,,,2025-05-21
2025-05-21 10:58:00+07:00,8331.5,32.855000000000004,3.405,111.85,26.725,2.12,56.6,,,,,,,13613.5,42.9,43.6,54612.49609,502.705675,4.496,126.95,,,,,2025-05-21
2025-05-21 11:00:00+07:00,8333.5,32.885,3.45,113.4,26.74,2.1900000000000004,58.5,,,,,,,13615.5,42.9,43.5,54612.49609,503.79547,4.538,126.05,,,,,2025-05-21
2025-05-21 11:02:00+07:00,8335.5,32.849999999999994,3.515,115.1,26.75,2.205,58.9,,,,,,,13617.5,43.0,43.1,54612.49609,502.80911,4.5600000000000005,125.2,,,,,2025-05-21
2025-05-21 11:04:00+07:00,8337.5,32.885,3.525,115.85,26.76,2.27,60.7,,,,,,,13619.5,43.0,43.0,54612.49609,511.86781,4.619999999999999,125.8,,,,,2025-05-21
2025-05-21 11:06:00+07:00,8339.5,32.89,2.865,94.2,26.77,2.345,62.7,,,,,,,13621.5,42.95,42.150000000000006,54612.49609,519.85257,4.67,126.4,,,,,2025-05-21
2025-05-21 11:08:00+07:00,8341.5,32.85,1.62,53.2,26.785,2.42,64.75,,,,,,,13623.5,42.9,42.5,54612.49609,517.03186,4.68,125.45,,,,,2025-05-21
2025-05-21 11:10:00+07:00,8343.5,32.790000000000006,1.955,64.1,26.785,2.42,64.80000000000001,,,,,,,13625.5,43.150000000000006,42.8,54612.49609,503.83490000000006,4.632,123.5,,,,,2025-05-21
2025-05-21 11:12:00+07:00,8345.5,32.11,0.715,22.8,26.63,1.24,33.099999999999994,,,,,,,13627.5,43.35,42.8,33577.91504,257.834795,3.232,89.44999999999999,,,,,2025-05-21
2025-05-21 11:14:00+07:00,8347.5,32.915,1.25,40.95,26.765,2.295,61.4,,,,,,,13629.5,43.1,42.8,54313.330075000005,537.774215,4.548,133.950005,,,,,2025-05-21
2025-05-21 11:16:00+07:00,8349.5,32.605000000000004,2.225,72.75,26.73,1.945,52.0,,,,,,,13631.5,43.150000000000006,42.75,44788.330075000005,421.948455,4.046,115.25,,,,,2025-05-21
2025-05-21 11:18:00+07:00,8351.5,32.19,0.435,13.8,26.605,1.08,28.700000000000003,,,,,,,13633.5,43.0,42.95,28489.582035,209.20334,2.932,80.85,,,,,2025-05-21
2025-05-21 11:20:00+07:00,8353.5,32.43,0.6799999999999999,22.0,26.625,1.24,32.95,,,,,,,13635.5,42.55,43.3,32238.33203,268.371195,3.234,90.95,,,,,2025-05-21
2025-05-21 11:22:00+07:00,8355.5,32.345,0.585,18.9,26.585,0.96,25.5,,,,,,,13637.5,42.05,43.45,24960.832035,168.40247499999998,2.678,71.35,,,,,2025-05-21
2025-05-21 11:24:00+07:00,8357.5,32.32,1.035,33.400000000000006,26.57,0.865,22.950000000000003,,,,,,,13639.5,41.45,43.900000000000006,22202.916015000003,135.67279,2.43,63.4,,,,,2025-05-21
2025-05-21 11:26:00+07:00,8359.5,32.385000000000005,1.0550000000000002,34.15,26.565,0.855,22.65,,,,,,,13641.5,40.75,44.65,21801.66602,130.92772,2.396,62.05,,,,,2025-05-21
2025-05-21 11:28:00+07:00,8361.5,32.425,1.035,33.5,26.56,0.84,22.3,,,,,,,13643.5,40.2,45.400000000000006,21495.0,127.82993,2.372,61.2,,,,,2025-05-21
2025-05-21 11:30:00+07:00,8363.5,32.45,1.03,33.05,26.56,0.84,22.3,,,,,,,13645.5,39.7,46.1,21253.33301,124.6545,2.336,60.6,,,,,2025-05-21
2025-05-21 11:32:00+07:00,8365.5,32.515,1.045,33.8,26.585,0.92,24.4,,,,,,,13647.5,39.35,46.7,21327.916015000003,126.661305,2.358,61.0,,,,,2025-05-21
2025-05-21 11:34:00+07:00,8367.5,32.57,1.0550000000000002,34.3,26.59,0.99,26.25,,,,,,,13649.5,39.05,47.05,21623.749025,130.59907,2.394,61.95,,,,,2025-05-21
2025-05-21 11:36:00+07:00,8369.5,32.625,1.0750000000000002,34.7,26.595,0.95,24.8,,,,,,,13651.5,38.8,47.3,22194.58301,137.21474999999998,2.448,63.65,,,,,2025-05-21
2025-05-21 11:38:00+07:00,8371.5,32.68,1.105,36.1,26.6,1.04,27.65,,,,,,,13653.5,38.55,47.6,22902.5,145.351225,2.518,65.55,,,,,2025-05-21
2025-05-21 11:40:00+07:00,8373.5,32.7,1.13,36.9,26.6,1.025,27.25,,,,,,,13655.5,38.35,47.85,23387.08203,150.80642,2.556,67.0,,,,,2025-05-21
2025-05-21 11:42:00+07:00,8375.5,32.705,1.13,36.9,26.605,1.035,27.450000000000003,,,,,,,13657.5,38.2,48.0,23697.916015000003,152.677805,2.582,67.15,,,,,2025-05-21
2025-05-21 11:44:00+07:00,8377.5,32.72,1.145,37.400000000000006,26.61,1.07,28.2,,,,,,,13659.5,38.150000000000006,48.150000000000006,23940.0,155.82246500000002,2.606,67.9,,,,,2025-05-21
2025-05-21 11:46:00+07:00,8379.5,32.785,1.1949999999999998,39.1,26.62,1.06,28.15,,,,,,,13661.5,37.95,48.150000000000006,24867.91602,170.69660499999998,2.72,71.25,,,,,2025-05-21
2025-05-21 11:48:00+07:00,8381.5,32.84,1.25,41.0,26.63,1.15,30.55,,,,,,,13663.5,37.7,48.25,26065.41504,185.676605,2.83,74.5,,,,,2025-05-21
2025-05-21 11:50:00+07:00,8383.5,32.885000000000005,1.295,42.55,26.635,1.16,30.85,,,,,,,13665.5,37.55,48.3,27637.91504,203.034505,2.948,78.2,,,,,2025-05-21
2025-05-21 11:52:00+07:00,8385.5,32.895,1.34,44.05,26.645,1.235,32.849999999999994,,,,,,,13667.5,37.4,48.35,28688.332035,217.043685,3.05,80.80000000000001,,,,,2025-05-21
2025-05-21 11:54:00+07:00,8387.5,32.93,1.39,45.75,26.655,1.28,34.05,,,,,,,13669.5,37.4,48.4,29765.832035,237.77096,3.18,84.9,,,,,2025-05-21
2025-05-21 11:56:00+07:00,8389.5,32.965,1.4249999999999998,46.9,26.665,1.35,35.95,,,,,,,13671.5,37.4,48.2,30520.832035,251.0882,3.264,87.35,,,,,2025-05-21
2025-05-21 11:58:00+07:00,8391.5,33.015,1.845,60.35,26.685,1.435,38.25,,,,,,,13673.5,37.4,47.95,33889.999025,297.444385,3.522,95.8,,,,,2025-05-21
2025-05-21 12:00:00+07:00,8393.5,33.275000000000006,2.44,81.25,26.745,1.94,51.85,,,,,,,13675.5,37.4,47.95,45973.748045,459.882035,4.264,121.35,,,,,2025-05-21
2025-05-21 12:02:00+07:00,8395.5,33.47,3.105,103.2,26.835,2.505,67.19999999999999,,,,,,,13677.5,37.650000000000006,47.8,54612.49609,575.5361049999999,4.788,136.45,,,,,2025-05-21
2025-05-21 12:04:00+07:00,8397.5,32.95,2.4450000000000003,80.5,26.75,1.775,47.400000000000006,,,,,,,13679.5,38.0,47.55,43700.416015,416.128355,4.0920000000000005,115.45,,,,,2025-05-21
2025-05-21 12:06:00+07:00,8399.5,33.045,2.535,83.55,26.77,1.935,51.75,,,,,,,13681.5,38.25,47.35,47438.33203,473.4517550000001,4.3100000000000005,124.7,,,,,2025-05-21
2025-05-21 12:08:00+07:00,8401.5,32.785,1.94,63.55,26.72,1.535,41.0,,,,,,,13683.5,38.55,47.2,37000.41406,341.34189000000003,3.7,104.2,,,,,2025-05-21
2025-05-21 12:10:00+07:00,8403.5,32.77,1.6949999999999998,55.35,26.68,1.35,35.95,,,,,,,13685.5,38.5,47.1,31180.832035,260.717965,3.244,91.2,,,,,2025-05-21
2025-05-21 12:12:00+07:00,8405.5,32.71,1.495,48.35,26.655,1.15,30.6,,,,,,,13687.5,38.35,47.35,26700.832035,202.103145,2.882,79.55000000000001,,,,,2025-05-21
2025-05-21 12:14:00+07:00,8407.5,32.614999999999995,1.275,41.5,26.630000000000003,1.01,26.85,,,,,,,13689.5,38.0,47.7,22007.08301,143.02747499999998,2.444,66.35,,,,,2025-05-21
2025-05-21 12:16:00+07:00,8409.5,32.585,1.285,41.8,26.615,0.9,23.65,,,,,,,13691.5,37.55,48.2,19176.249025,112.94763,2.186,58.6,,,,,2025-05-21
2025-05-21 12:18:00+07:00,8411.5,32.575,1.19,38.55,26.585,0.73,19.35,,,,,,,13693.5,37.1,49.0,16034.99951,81.44724500000001,1.876,49.2,,,,,2025-05-21
2025-05-21 12:20:00+07:00,8413.5,32.53,0.865,28.1,26.565,0.615,16.299999999999997,,,,,,,13695.5,36.65,49.75,13625.416015,58.81723,1.62,41.2,,,,,2025-05-21
2025-05-21 12:22:00+07:00,8415.5,32.5,0.7150000000000001,23.2,26.55,0.55,14.55,,,,,,,13697.5,36.1,50.55,12523.33252,49.34476,1.5,37.35,,,,,2025-05-21
2025-05-21 12:24:00+07:00,8417.5,32.46,0.8200000000000001,26.55,26.545,0.525,13.9,,,,,,,13699.5,35.65,51.3,12058.75,45.200615,1.444,35.55,,,,,2025-05-21
2025-05-21 12:26:00+07:00,8419.5,32.455,0.9,29.0,26.54,0.545,15.05,,,,,,,13701.5,35.25,51.8,12271.249515,45.70719,1.452,35.75,,,,,2025-05-21
2025-05-21 12:28:00+07:00,8421.5,32.474999999999994,0.93,30.15,26.55,0.6,15.45,,,,,,,13703.5,35.0,52.1,12850.83301,49.928325,1.518,37.35,,,,,2025-05-21
2025-05-21 12:30:00+07:00,8423.5,32.495000000000005,0.975,31.6,26.555,0.605,16.0,,,,,,,13705.5,34.8,52.3,13607.08252,54.819895,1.59,39.15,,,,,2025-05-21
2025-05-21 12:32:00+07:00,8425.5,32.54,1.025,33.3,26.57,0.64,17.0,,,,,,,13707.5,34.75,52.4,14539.999515,61.02694,1.672,41.45,,,,,2025-05-21
2025-05-21 12:34:00+07:00,8427.5,32.56,1.08,35.099999999999994,26.57,0.685,18.15,,,,,,,13709.5,34.650000000000006,52.45,15528.749515,67.268845,1.754,43.55,,,,,2025-05-21
2025-05-21 12:36:00+07:00,8429.5,32.595,1.14,37.15,26.575,0.6950000000000001,18.4,,,,,,,13711.5,34.6,52.6,16722.916505,76.02142,1.862,46.35,,,,,2025-05-21
2025-05-21 12:38:00+07:00,8431.5,32.675,1.255,41.0,26.59,0.79,21.0,,,,,,,13713.5,34.55,52.7,18917.5,94.80678,2.066,52.05,,,,,2025-05-21
2025-05-21 12:40:00+07:00,8433.5,32.825,1.47,48.2,26.615,0.915,24.3,,,,,,,13715.5,34.6,52.8,22664.166015000003,134.526175,2.446,62.3,,,,,2025-05-21
2025-05-21 12:42:00+07:00,8435.5,33.010000000000005,1.7799999999999998,58.7,26.66,1.19,31.700000000000003,,,,,,,13717.5,34.7,52.7,28032.91504,209.150605,2.996,78.94999999999999,,,,,2025-05-21
2025-05-21 12:44:00+07:00,8437.5,33.11,2.045,67.65,26.7,1.385,36.95,,,,,,,13719.5,34.95,52.5,32727.081055,284.57138,3.448,93.7,,,,,2025-05-21
2025-05-21 12:46:00+07:00,8439.5,32.86,1.675,54.85,26.67,1.16,30.85,,,,,,,13721.5,35.25,52.2,27013.74805,199.55428,2.916,77.45,,,,,2025-05-21
2025-05-21 12:48:00+07:00,8441.5,32.69,1.47,47.85,26.65,1.035,27.25,,,,,,,13723.5,35.45,51.95,23648.33301,148.51903,2.54,66.4,,,,,2025-05-21
2025-05-21 12:50:00+07:00,8443.5,32.825,1.63,53.45,26.66,1.125,29.950000000000003,,,,,,,13725.5,35.650000000000006,51.650000000000006,26842.499025,188.057235,2.834,75.15,,,,,2025-05-21
2025-05-21 12:52:00+07:00,8445.5,33.0,1.975,64.8,26.705,1.415,37.45,,,,,,,13727.5,35.849999999999994,51.45,33302.91504,287.18042,3.4480000000000004,93.95,,,,,2025-05-21
2025-05-21 12:54:00+07:00,8447.5,33.09,2.295,75.9,26.745,1.665,44.5,,,,,,,13729.5,36.1,51.15,39285.83203,381.51526,3.956,108.95,,,,,2025-05-21
2025-05-21 12:56:00+07:00,8449.5,32.980000000000004,2.125,70.0,26.735,1.58,42.15,,,,,,,13731.5,36.4,50.75,37444.582030000005,357.6095,3.9,104.1,,,,,2025-05-21
2025-05-21 12:58:00+07:00,8451.5,33.115,2.415,79.95,26.78,1.85,49.5,,,,,,,13733.5,36.7,50.4,45205.83203,450.9856,4.336,118.1,,,,,2025-05-21
2025-05-21 13:00:00+07:00,8453.5,33.04,2.49,82.19999999999999,26.79,1.9,50.85,,,,,,,13735.5,37.2,50.0,46658.332030000005,446.428315,4.3740000000000006,115.9,,,,,2025-05-21
2025-05-21 13:02:00+07:00,8455.5,32.955,2.49,82.05,26.795,1.905,51.0,,,,,,,13737.5,37.65,49.55,47346.248045,449.114425,4.408,115.5,,,,,2025-05-21
2025-05-21 13:04:00+07:00,8457.5,33.05500000000001,2.705,89.30000000000001,26.805,2.105,56.35,,,,,,,13739.5,38.15,48.95,52838.74609,491.600725,4.555999999999999,122.5,,,,,2025-05-21
2025-05-21 13:06:00+07:00,8459.5,32.82,2.385,78.25,26.78,1.925,51.5,,,,,,,13741.5,38.7,48.400000000000006,46936.248045,428.68524,4.300000000000001,113.2,,,,,2025-05-21
2025-05-21 13:08:00+07:00,8461.5,32.57,1.945,63.3,26.74,1.485,39.65,,,,,,,13743.5,39.1,47.900000000000006,36618.748045,332.80548,3.726,101.45,,,,,2025-05-21
2025-05-21 13:10:00+07:00,8463.5,32.870000000000005,2.38,78.25,26.775,1.97,52.7,,,,,,,13745.5,39.35,47.6,45774.998045,456.653245,4.236000000000001,121.9,,,,,2025-05-21
2025-05-21 13:12:00+07:00,8465.5,32.685,2.115,69.05000000000001,26.75,1.68,44.9,,,,,,,13747.5,39.650000000000006,47.35,39395.83203,380.966035,3.944,109.65,,,,,2025-05-21
2025-05-21 13:14:00+07:00,8467.5,33.04,3.1,102.4,26.805,2.17,57.3,,,,,,,13749.5,39.8,46.9,52308.330075000005,512.44885,4.481999999999999,129.75,,,,,2025-05-21
2025-05-21 13:16:00+07:00,8469.5,32.5,1.87,60.75,26.69,1.295,34.5,,,,,,,13751.5,39.85,46.75,29263.749025,242.301415,3.144,86.80000000000001,,,,,2025-05-21
2025-05-21 13:18:00+07:00,8471.5,32.68,2.305,74.5,26.735,1.62,43.3,,,,,,,13753.5,39.75,46.8,37047.08203,358.792755,3.772,106.95,,,,,2025-05-21
2025-05-21 13:20:00+07:00,8473.5,32.315,1.68,54.35,26.675,1.185,31.55,,,,,,,13755.5,39.7,46.85,25550.41602,203.79,2.802,79.05,,,,,2025-05-21
2025-05-21 13:22:00+07:00,8475.5,32.03,1.185,37.900000000000006,26.61,0.77,20.4,,,,,,,13757.5,39.55,47.15,16639.58252,91.457205,1.986,52.25,,,,,2025-05-21
2025-05-21 13:24:00+07:00,8477.5,32.085,1.115,35.55,26.595,0.685,18.15,,,,,,,13759.5,39.2,47.5,15574.166015,78.89515,1.854,48.3,,,,,2025-05-21
2025-05-21 13:26:00+07:00,8479.5,32.145,1.085,34.7,26.575,0.62,17.8,,,,,,,13761.5,38.75,48.15,14940.83252,71.550475,1.77,45.9,,,,,2025-05-21
2025-05-21 13:28:00+07:00,8481.5,32.27,1.1349999999999998,36.6,26.59,0.71,17.75,,,,,,,13763.5,38.3,48.650000000000006,15867.49902,80.28474,1.872,48.7,,,,,2025-05-21
2025-05-21 13:30:00+07:00,8483.5,32.265,1.07,34.45,26.575,0.675,17.9,,,,,,,13765.5,37.9,49.2,14999.16602,71.140875,1.772,45.55,,,,,2025-05-21
2025-05-21 13:32:00+07:00,8485.5,32.23,0.975,31.4,26.57,0.6000000000000001,15.9,,,,,,,13767.5,37.5,49.7,13615.83252,58.01507,1.608,40.95,,,,,2025-05-21
2025-05-21 13:34:00+07:00,8487.5,32.19,0.89,28.6,26.56,0.525,13.9,,,,,,,13769.5,37.1,50.05,12575.83252,47.33886,1.456,36.9,,,,,2025-05-21
2025-05-21 13:36:00+07:00,8489.5,32.175,0.835,26.8,26.55,0.475,12.55,,,,,,,13771.5,36.6,50.6,11966.666505,40.83885,1.354,34.25,,,,,2025-05-21
2025-05-21 13:38:00+07:00,8491.5,32.225,0.835,26.9,26.545,0.48,12.7,,,,,,,13773.5,36.1,51.15,12066.66602,40.599230000000006,1.358,33.95,,,,,2025-05-21
2025-05-21 13:40:00+07:00,8493.5,32.31,0.885,28.55,26.555,0.5,13.25,,,,,,,13775.5,35.7,51.75,12772.916015,45.58894,1.438,36.0,,,,,2025-05-21
2025-05-21 13:42:00+07:00,8495.5,32.385,0.92,29.75,26.56,0.56,14.8,,,,,,,13777.5,35.3,52.45,13352.499515,50.25759,1.502,38.0,,,,,2025-05-21
2025-05-21 13:44:00+07:00,8497.5,32.43,0.875,28.35,26.56,0.625,16.549999999999997,,,,,,,13779.5,34.9,52.95,13630.83252,51.79865,1.528,38.5,,,,,2025-05-21
2025-05-21 13:46:00+07:00,8499.5,32.400000000000006,0.675,21.8,26.56,0.56,14.85,,,,,,,13781.5,34.6,53.45,13089.99902,47.13108,1.458,36.7,,,,,2025-05-21
2025-05-21 13:48:00+07:00,8501.5,32.364999999999995,0.64,20.7,26.555,0.53,14.0,,,,,,,13783.5,34.3,53.95,12598.74902,43.26738,1.398,35.150000000000006,,,,,2025-05-21
2025-05-21 13:50:00+07:00,8503.5,32.405,0.665,21.5,26.555,0.585,15.5,,,,,,,13785.5,34.1,54.2,13293.749515,47.004850000000005,1.458,36.6,,,,,2025-05-21
2025-05-21 13:52:00+07:00,8505.5,32.515,0.745,24.15,26.575,0.66,17.5,,,,,,,13787.5,33.95,54.25,14999.58301,59.1326,1.626,41.25,,,,,2025-05-21
2025-05-21 13:54:00+07:00,8507.5,32.67,0.85,27.7,26.59,0.74,19.6,,,,,,,13789.5,33.849999999999994,54.55,17448.333010000002,79.47775999999999,1.876,48.05,,,,,2025-05-21
2025-05-21 13:56:00+07:00,8509.5,32.75,0.945,30.9,26.595,0.7150000000000001,18.95,,,,,,,13791.5,33.650000000000006,54.9,19588.749025,101.59617,2.108,54.7,,,,,2025-05-21
2025-05-21 13:58:00+07:00,8511.5,32.785,0.99,32.400000000000006,26.62,0.925,24.55,,,,,,,13793.5,33.55,55.05,20514.58301,113.005535,2.2220000000000004,57.75,,,,,2025-05-21
2025-05-21 14:00:00+07:00,8513.5,32.775,1.025,33.55,26.635,0.93,25.0,,,,,,,13795.5,33.5,55.150000000000006,21135.41602,123.02934,2.314,60.35,,,,,2025-05-21
2025-05-21 14:02:00+07:00,8515.5,32.815,1.09,35.7,26.65,1.015,26.3,,,,,,,13797.5,33.6,55.05,22360.0,143.07814,2.492,65.2,,,,,2025-05-21
2025-05-21 14:04:00+07:00,8517.5,32.745000000000005,1.0550000000000002,34.5,26.645,0.98,26.05,,,,,,,13799.5,33.650000000000006,54.95,21322.08203,131.107165,2.392,62.150000000000006,,,,,2025-05-21
2025-05-21 14:06:00+07:00,8519.5,32.645,0.985,31.8,26.645,0.91,24.200000000000003,,,,,,,13801.5,33.8,54.75,19705.41602,112.762265,2.232,57.25,,,,,2025-05-21
2025-05-21 14:08:00+07:00,8521.5,32.504999999999995,0.855,27.75,26.625,0.7949999999999999,21.1,,,,,,,13803.5,33.9,54.650000000000006,17297.08203,84.21420499999999,1.944,49.150000000000006,,,,,2025-05-21
2025-05-21 14:10:00+07:00,8523.5,32.355000000000004,0.73,23.55,26.605,0.6699999999999999,17.75,,,,,,,13805.5,33.849999999999994,54.650000000000006,14882.49902,59.95369,1.644,41.3,,,,,2025-05-21
2025-05-21 14:12:00+07:00,8525.5,32.254999999999995,0.63,20.25,26.59,0.575,15.2,,,,,,,13807.5,33.8,54.7,13066.666015,43.60491,1.414,35.0,,,,,2025-05-21
2025-05-21 14:14:00+07:00,8527.5,32.26,0.58,18.65,26.575,0.525,13.9,,,,,,,13809.5,33.75,54.75,12137.916015,36.294355,1.29,31.950000000000003,,,,,2025-05-21
2025-05-21 14:16:00+07:00,8529.5,32.285,0.555,17.85,26.57,0.505,13.35,,,,,,,13811.5,33.6,54.85,11619.999515,32.92675,1.23,30.4,,,,,2025-05-21
2025-05-21 14:18:00+07:00,8531.5,32.315,0.54,17.1,26.57,0.495,13.1,,,,,,,13813.5,33.4,55.2,11399.58301,31.802055,1.208,29.9,,,,,2025-05-21
2025-05-21 14:20:00+07:00,8533.5,32.345,0.545,17.549999999999997,26.57,0.505,13.35,,,,,,,13815.5,33.150000000000006,55.5,11441.249515,32.60348,1.216,30.450000000000003,,,,,2025-05-21
2025-05-21 14:22:00+07:00,8535.5,32.379999999999995,0.575,18.55,26.57,0.525,14.05,,,,,,,13817.5,33.0,55.8,11770.416505,35.342405,1.266,31.700000000000003,,,,,2025-05-21
2025-05-21 14:24:00+07:00,8537.5,32.405,0.61,19.55,26.575,0.56,14.85,,,,,,,13819.5,32.9,55.8,12361.66602,39.888865,1.342,33.75,,,,,2025-05-21
2025-05-21 14:26:00+07:00,8539.5,32.44,0.65,21.05,26.585,0.6,15.9,,,,,,,13821.5,32.849999999999994,55.9,13129.58301,45.21829,1.43,35.900000000000006,,,,,2025-05-21
2025-05-21 14:28:00+07:00,8541.5,32.474999999999994,0.69,22.35,26.59,0.64,16.95,,,,,,,13823.5,32.849999999999994,55.75,13917.49902,51.404865,1.52,38.4,,,,,2025-05-21
2025-05-21 14:30:00+07:00,8543.5,32.504999999999995,0.72,23.35,26.6,0.665,17.65,,,,,,,13825.5,32.9,55.650000000000006,14497.08301,55.935955,1.588,40.0,,,,,2025-05-21
2025-05-21 14:32:00+07:00,8545.5,32.51,0.73,23.7,26.6,0.67,17.8,,,,,,,13827.5,32.9,55.55,14658.33252,58.34186,1.618,40.95,,,,,2025-05-21
2025-05-21 14:34:00+07:00,8547.5,32.52,0.735,23.85,26.6,0.675,17.9,,,,,,,13829.5,32.9,55.45,14632.08301,59.202995,1.628,41.3,,,,,2025-05-21
2025-05-21 14:36:00+07:00,8549.5,32.535,0.745,24.2,26.61,0.685,18.450000000000003,,,,,,,13831.5,32.9,55.55,14836.249515,61.17376,1.658,41.9,,,,,2025-05-21
2025-05-21 14:38:00+07:00,8551.5,32.56,0.765,24.85,26.61,0.705,18.700000000000003,,,,,,,13833.5,32.9,55.6,15257.49902,65.198915,1.708,43.35,,,,,2025-05-21
2025-05-21 14:40:00+07:00,8553.5,32.605000000000004,0.8049999999999999,26.2,26.62,0.755,20.0,,,,,,,13835.5,32.9,55.75,16109.165525,73.25791000000001,1.81,45.95,,,,,2025-05-21
2025-05-21 14:42:00+07:00,8555.5,32.68,0.88,28.4,26.63,0.815,21.65,,,,,,,13837.5,33.0,55.7,17620.416015000003,88.95648,1.988,50.75,,,,,2025-05-21
2025-05-21 14:44:00+07:00,8557.5,32.725,0.935,30.2,26.645,0.88,23.4,,,,,,,13839.5,33.1,55.55,19057.916015000003,103.900855,2.144,55.0,,,,,2025-05-21
2025-05-21 14:46:00+07:00,8559.5,32.72,0.96,31.4,26.65,0.9,23.9,,,,,,,13841.5,33.25,55.35,20015.83203,110.33862,2.208,56.75,,,,,2025-05-21
2025-05-21 14:48:00+07:00,8561.5,32.825,1.08,35.400000000000006,26.665,1.015,27.0,,,,,,,13843.5,33.45,55.05,22742.08301,142.7437,2.492,64.9,,,,,2025-05-21
2025-05-21 14:50:00+07:00,8563.5,32.99,1.265,41.65,26.700000000000003,1.1949999999999998,31.85,,,,,,,13845.5,33.7,54.8,26874.99805,205.903955,2.968,78.6,,,,,2025-05-21
2025-05-21 14:52:00+07:00,8565.5,33.045,1.39,45.7,26.725,1.315,35.099999999999994,,,,,,,13847.5,34.1,54.4,29603.33203,248.308165,3.214,87.7,,,,,2025-05-21
2025-05-21 14:54:00+07:00,8567.5,33.145,1.7200000000000002,57.0,26.775,1.64,43.85,,,,,,,13849.5,34.5,53.95,37519.166015,374.002425,3.886,109.05,,,,,2025-05-21
2025-05-21 14:56:00+07:00,8569.5,33.315,2.17,72.25,26.835,2.06,55.2,,,,,,,13851.5,35.15,53.55,48667.498045,501.638735,4.496,126.65,,,,,2025-05-21
2025-05-21 14:58:00+07:00,8571.5,32.87,1.57,51.55,26.76,1.485,39.7,,,,,,,13853.5,35.95,53.1,35129.16406,310.89432,3.584,98.5,,,,,2025-05-21
2025-05-21 15:00:00+07:00,8573.5,32.815,1.545,50.650000000000006,26.745,1.455,38.85,,,,,,,13855.5,36.4,52.75,34374.58203,299.168535,3.45,98.05,,,,,2025-05-21
2025-05-21 15:02:00+07:00,8575.5,32.685,1.335,43.05,26.715,1.255,33.45,,,,,,,13857.5,36.8,52.3,29366.66602,219.55635,2.978,83.69999999999999,,,,,2025-05-21
2025-05-21 15:04:00+07:00,8577.5,32.754999999999995,1.37,44.8,26.715,1.295,34.55,,,,,,,13859.5,37.150000000000006,51.9,30201.66504,231.63185,3.048,86.25,,,,,2025-05-21
2025-05-21 15:06:00+07:00,8579.5,32.865,1.51,49.25,26.73,1.435,38.3,,,,,,,13861.5,37.25,51.6,33338.749025,284.07383500000003,3.356,95.95,,,,,2025-05-21
2025-05-21 15:08:00+07:00,8581.5,32.905,1.6549999999999998,54.400000000000006,26.75,1.5750000000000002,42.05,,,,,,,13863.5,37.45,51.55,36689.16406,341.47044500000004,3.664,105.8,,,,,2025-05-21
2025-05-21 15:10:00+07:00,8583.5,33.095,1.975,65.35,26.79,1.89,50.55,,,,,,,13865.5,37.7,51.4,44574.998045,446.66943,4.162,120.95,,,,,2025-05-21
2025-05-21 15:12:00+07:00,8585.5,32.765,1.495,48.95,26.735,1.4249999999999998,38.05,,,,,,,13867.5,38.0,51.15,33182.91504,285.26106000000004,3.392,95.45,,,,,2025-05-21
2025-05-21 15:14:00+07:00,8587.5,32.665,1.345,43.55,26.71,1.275,34.05,,,,,,,13869.5,38.150000000000006,50.8,29425.83203,229.24108,3.028,85.75,,,,,2025-05-21
2025-05-21 15:16:00+07:00,8589.5,32.325,1.0,31.950000000000003,26.665,0.94,25.05,,,,,,,13871.5,38.2,50.7,21200.416015000003,122.295855,2.248,60.85,,,,,2025-05-21
2025-05-21 15:18:00+07:00,8591.5,32.09,0.75,24.05,26.62,0.6950000000000001,18.45,,,,,,,13873.5,38.05,50.95,15695.83252,63.852145,1.65,43.6,,,,,2025-05-21
2025-05-21 15:20:00+07:00,8593.5,31.950000000000003,0.585,18.65,26.585,0.54,14.4,,,,,,,13875.5,37.85,51.25,12429.16602,37.61989,1.29,33.099999999999994,,,,,2025-05-21
2025-05-21 15:22:00+07:00,8595.5,32.01,0.545,17.35,26.575,0.505,13.35,,,,,,,13877.5,37.45,51.65,11722.916505,33.196095,1.22,30.9,,,,,2025-05-21
2025-05-21 15:24:00+07:00,8597.5,32.09,0.525,16.8,26.57,0.49,13.0,,,,,,,13879.5,37.0,52.05,11348.749515,31.910885,1.196,30.3,,,,,2025-05-21
2025-05-21 15:26:00+07:00,8599.5,32.150000000000006,0.535,17.15,26.565,0.495,13.1,,,,,,,13881.5,36.55,52.45,11252.499515,31.699745,1.192,30.2,,,,,2025-05-21
2025-05-21 15:28:00+07:00,8601.5,32.215,0.56,18.0,26.57,0.515,13.65,,,,,,,13883.5,36.1,52.95,11564.58301,34.783645,1.248,31.65,,,,,2025-05-21
2025-05-21 15:30:00+07:00,8603.5,32.27,0.585,18.7,26.57,0.545,14.45,,,,,,,13885.5,35.7,53.35,11990.0,38.53638,1.314,33.3,,,,,2025-05-21
2025-05-21 15:32:00+07:00,8605.5,32.305,0.615,19.85,26.58,0.57,15.1,,,,,,,13887.5,35.4,53.7,12330.416015,42.043015,1.37,34.85,,,,,2025-05-21
2025-05-21 15:34:00+07:00,8607.5,32.35,0.635,20.5,26.58,0.585,15.5,,,,,,,13889.5,35.150000000000006,54.0,12536.666015,44.386195,1.406,35.85,,,,,2025-05-21
2025-05-21 15:36:00+07:00,8609.5,32.385000000000005,0.655,21.15,26.585,0.605,16.05,,,,,,,13891.5,34.849999999999994,54.150000000000006,12849.58252,47.374705,1.454,37.0,,,,,2025-05-21
2025-05-21 15:38:00+07:00,8611.5,32.41,0.665,21.5,26.59,0.62,16.299999999999997,,,,,,,13893.5,34.650000000000006,54.4,13066.249515,49.52886,1.488,37.8,,,,,2025-05-21
2025-05-21 15:40:00+07:00,8613.5,32.44,0.685,22.15,26.595,0.635,16.85,,,,,,,13895.5,34.4,54.5,13407.49902,53.29319,1.536,39.400000000000006,,,,,2025-05-21
2025-05-21 15:42:00+07:00,8615.5,32.495,0.72,23.35,26.605,0.675,18.05,,,,,,,13897.5,34.25,54.650000000000006,14095.83252,59.78913,1.624,41.8,,,,,2025-05-21
2025-05-21 15:44:00+07:00,8617.5,32.57,0.79,25.65,26.61,0.74,19.65,,,,,,,13899.5,34.2,54.7,15341.666015,72.19172,1.786,45.9,,,,,2025-05-21
2025-05-21 15:46:00+07:00,8619.5,32.385,0.6499999999999999,20.65,26.595,0.6000000000000001,15.8,,,,,,,13901.5,34.1,54.75,12592.499515,47.979895,1.46,37.1,,,,,2025-05-21
2025-05-21 15:48:00+07:00,8621.5,32.185,0.48,15.4,26.565,0.435,11.5,,,,,,,13903.5,33.95,54.85,9314.58301,25.58088,1.0779999999999998,26.85,,,,,2025-05-21
2025-05-21 15:50:00+07:00,8623.5,32.05500000000001,0.4,12.75,26.555,0.355,9.4,,,,,,,13905.5,33.75,55.05,7803.749755000001,18.17984,0.908,22.7,,,,,2025-05-21
2025-05-21 15:52:00+07:00,8625.5,31.955,0.35,10.65,26.54,0.31,8.15,,,,,,,13907.5,33.55,55.2,6779.583005,13.890185,0.802,19.65,,,,,2025-05-21
2025-05-21 15:54:00+07:00,8627.5,31.865,0.305,9.7,26.53,0.27,7.1,,,,,,,13909.5,33.349999999999994,55.4,6012.499755000001,10.76126,0.714,17.1,,,,,2025-05-21
2025-05-21 15:56:00+07:00,8629.5,31.77,0.27,8.55,26.525,0.235,6.15,,,,,,,13911.5,33.150000000000006,55.650000000000006,5378.33301,8.605145,0.636,15.35,,,,,2025-05-21
2025-05-21 15:58:00+07:00,8631.5,31.665,0.235,7.050000000000001,26.515,0.195,5.3,,,,,,,13913.5,32.849999999999994,55.8,4790.83325,6.802875,0.5680000000000001,13.6,,,,,2025-05-21
2025-05-21 16:00:00+07:00,8633.5,31.665,0.23,7.2,26.51,0.195,5.15,,,,,,,13915.5,32.650000000000006,55.9,4715.416505,6.558339999999999,0.558,13.35,,,,,2025-05-21
2025-05-21 16:02:00+07:00,8635.5,31.705,0.24,7.6,26.51,0.205,5.4,,,,,,,13917.5,32.5,56.05,4792.916505,6.7997700000000005,0.572,13.5,,,,,2025-05-21
2025-05-21 16:04:00+07:00,8637.5,31.785,0.255,8.05,26.51,0.215,5.75,,,,,,,13919.5,32.349999999999994,56.05,5131.249755000001,7.840625000000001,0.612,14.55,,,,,2025-05-21
2025-05-21 16:06:00+07:00,8639.5,31.855,0.275,8.7,26.52,0.24,6.3,,,,,,,13921.5,32.2,56.1,5467.9165,8.872325,0.646,15.6,,,,,2025-05-21
2025-05-21 16:08:00+07:00,8641.5,31.85,0.275,8.7,26.52,0.235,6.15,,,,,,,13923.5,32.05,56.3,5467.08325,8.652095,0.644,15.25,,,,,2025-05-21
2025-05-21 16:10:00+07:00,8643.5,31.79,0.245,7.75,26.515,0.215,5.65,,,,,,,13925.5,31.9,56.3,5106.25,7.555835,0.598,14.35,,,,,2025-05-21
2025-05-21 16:12:00+07:00,8645.5,31.74,0.235,7.050000000000001,26.51,0.2,5.3,,,,,,,13927.5,31.75,56.45,4832.916505,6.876,0.57,13.7,,,,,2025-05-21
2025-05-21 16:14:00+07:00,8647.5,31.7,0.225,7.050000000000001,26.51,0.185,4.85,,,,,,,13929.5,31.65,56.55,4579.58325,6.297855,0.548,13.05,,,,,2025-05-21
2025-05-21 16:16:00+07:00,8649.5,31.66,0.21,6.6,26.51,0.18,4.7,,,,,,,13931.5,31.5,56.75,4338.75,5.790255,0.522,12.6,,,,,2025-05-21
2025-05-21 16:18:00+07:00,8651.5,31.735,0.225,7.050000000000001,26.51,0.195,5.15,,,,,,,13933.5,31.35,56.9,4664.58325,6.73678,0.562,13.6,,,,,2025-05-21
2025-05-21 16:20:00+07:00,8653.5,31.845,0.26,8.25,26.51,0.225,5.9,,,,,,,13935.5,31.2,57.0,5225.83325,8.162804999999999,0.624,14.85,,,,,2025-05-21
2025-05-21 16:22:00+07:00,8655.5,31.865,0.265,7.899999999999999,26.515,0.225,5.9,,,,,,,13937.5,31.05,57.25,5359.166505,8.45603,0.634,15.15,,,,,2025-05-21
2025-05-21 16:24:00+07:00,8657.5,31.85,0.26,8.2,26.51,0.22,5.8,,,,,,,13939.5,30.95,57.4,5267.499755000001,7.997325,0.62,14.65,,,,,2025-05-21
2025-05-21 16:26:00+07:00,8659.5,31.795,0.245,7.6,26.51,0.205,5.4,,,,,,,13941.5,30.85,57.5,5003.33301,7.20037,0.584,14.0,,,,,2025-05-21
2025-05-21 16:28:00+07:00,8661.5,31.715,0.22,6.949999999999999,26.51,0.185,4.85,,,,,,,13943.5,30.75,57.650000000000006,4557.9165,5.929765,0.532,12.65,,,,,2025-05-21
2025-05-21 16:30:00+07:00,8663.5,31.555,0.18,5.65,26.5,0.14,3.65,,,,,,,13945.5,30.7,57.85,3878.749875,4.192405,0.446,10.65,,,,,2025-05-21
2025-05-21 16:32:00+07:00,8665.5,31.435,0.155,4.5,26.495,0.12,3.1,,,,,,,13947.5,30.6,58.0,3397.916505,3.14274,0.392,9.1,,,,,2025-05-21
2025-05-21 16:34:00+07:00,8667.5,31.385,0.14,4.3,26.495,0.11,2.9,,,,,,,13949.5,30.5,58.150000000000006,3194.999875,2.866315,0.372,8.75,,,,,2025-05-21
2025-05-21 16:36:00+07:00,8669.5,31.32,0.13,3.55,26.49,0.1,2.6,,,,,,,13951.5,30.4,58.2,2951.249875,2.49806,0.348,8.15,,,,,2025-05-21
2025-05-21 16:38:00+07:00,8671.5,31.34,0.135,4.15,26.49,0.105,2.75,,,,,,,13953.5,30.35,58.25,2954.166625,2.58656,0.356,8.25,,,,,2025-05-21
2025-05-21 16:40:00+07:00,8673.5,31.525,0.175,5.5,26.495,0.135,3.5,,,,,,,13955.5,30.25,58.25,3480.83313,3.91483,0.43,10.3,,,,,2025-05-21
2025-05-21 16:42:00+07:00,8675.5,31.75,0.22,6.949999999999999,26.5,0.185,4.85,,,,,,,13957.5,30.2,58.3,4273.749755000001,6.04838,0.54,12.7,,,,,2025-05-21
2025-05-21 16:44:00+07:00,8677.5,31.86,0.25,7.899999999999999,26.505000000000003,0.215,5.65,,,,,,,13959.5,30.1,58.5,4731.666505,7.686479999999999,0.604,14.45,,,,,2025-05-21
2025-05-21 16:46:00+07:00,8679.5,31.925,0.265,8.399999999999999,26.51,0.23,6.15,,,,,,,13961.5,30.1,58.6,5014.1665,8.816925,0.644,15.55,,,,,2025-05-21
2025-05-21 16:48:00+07:00,8681.5,31.96,0.28,8.9,26.52,0.24,6.3,,,,,,,13963.5,30.1,58.6,5177.9165,9.325545,0.664,15.95,,,,,2025-05-21
2025-05-21 16:50:00+07:00,8683.5,31.985,0.29,8.75,26.52,0.25,6.6,,,,,,,13965.5,30.1,58.55,5317.499755000001,10.05625,0.6859999999999999,16.65,,,,,2025-05-21
2025-05-21 16:52:00+07:00,8685.5,31.985,0.285,9.05,26.52,0.25,6.6,,,,,,,13967.5,30.1,58.55,5336.249755000001,9.966325,0.6839999999999999,16.55,,,,,2025-05-21
2025-05-21 16:54:00+07:00,8687.5,31.92,0.265,8.399999999999999,26.52,0.235,6.15,,,,,,,13969.5,30.05,58.5,5047.916505,8.651074999999999,0.64,15.35,,,,,2025-05-21
2025-05-21 16:56:00+07:00,8689.5,31.86,0.255,8.05,26.52,0.215,5.65,,,,,,,13971.5,30.0,58.6,4817.9165,7.738775,0.604,14.55,,,,,2025-05-21
2025-05-21 16:58:00+07:00,8691.5,31.815,0.23,7.3,26.515,0.205,5.4,,,,,,,13973.5,30.0,58.650000000000006,4642.9165,6.92368,0.574,13.7,,,,,2025-05-21
2025-05-21 17:00:00+07:00,8693.5,31.825,0.24,7.6,26.52,0.2,5.3,,,,,,,13975.5,29.9,58.75,4672.499755000001,6.92338,0.574,13.7,,,,,2025-05-21
2025-05-21 17:02:00+07:00,8695.5,31.87,0.25,7.9,26.52,0.21,5.65,,,,,,,13977.5,29.85,58.9,4852.499755000001,7.450815,0.598,14.15,,,,,2025-05-21
2025-05-21 17:04:00+07:00,8697.5,31.915,0.26,8.25,26.52,0.22,5.8,,,,,,,13979.5,29.8,59.0,5020.416505,8.107985,0.618,14.9,,,,,2025-05-21
2025-05-21 17:06:00+07:00,8699.5,31.955,0.265,8.45,26.525,0.235,6.15,,,,,,,13981.5,29.7,59.0,5202.499755000001,8.649075,0.642,15.3,,,,,2025-05-21
2025-05-21 17:08:00+07:00,8701.5,32.0,0.285,9.05,26.53,0.245,6.449999999999999,,,,,,,13983.5,29.7,58.95,5425.416505,9.528285,0.666,16.25,,,,,2025-05-21
2025-05-21 17:10:00+07:00,8703.5,32.05,0.295,9.4,26.53,0.26,6.8,,,,,,,13985.5,29.7,59.150000000000006,5677.916505,10.173915,0.694,16.65,,,,,2025-05-21
2025-05-21 17:12:00+07:00,8705.5,32.085,0.305,9.75,26.53,0.27,7.1,,,,,,,13987.5,29.6,59.35,5917.499755000001,11.09368,0.722,17.45,,,,,2025-05-21
2025-05-21 17:14:00+07:00,8707.5,32.114999999999995,0.31,9.9,26.54,0.28,7.4,,,,,,,13989.5,29.6,59.45,6080.0,11.6307,0.738,17.9,,,,,2025-05-21
2025-05-21 17:16:00+07:00,8709.5,32.12,0.32,10.2,26.54,0.28,7.4,,,,,,,13991.5,29.55,59.650000000000006,6143.333005,11.823405,0.744,18.05,,,,,2025-05-21
2025-05-21 17:18:00+07:00,8711.5,32.125,0.33,10.5,26.54,0.285,7.5,,,,,,,13993.5,29.5,59.7,6212.49951,12.048655,0.754,18.15,,,,,2025-05-21
2025-05-21 17:20:00+07:00,8713.5,32.13,0.33,10.6,26.54,0.29,7.6,,,,,,,13995.5,29.45,59.5,6248.749755000001,12.180195,0.756,18.3,,,,,2025-05-21
2025-05-21 17:22:00+07:00,8715.5,32.125,0.325,10.4,26.54,0.285,7.5,,,,,,,13997.5,29.4,59.6,6234.583005,12.11615,0.752,18.3,,,,,2025-05-21
2025-05-21 17:24:00+07:00,8717.5,32.114999999999995,0.32,10.2,26.54,0.28,7.4,,,,,,,13999.5,29.4,59.75,6168.749755000001,11.789695,0.746,17.950000000000003,,,,,2025-05-21
2025-05-21 17:26:00+07:00,8719.5,32.1,0.32,9.9,26.54,0.275,7.25,,,,,,,14001.5,29.4,59.7,6099.58325,11.5652,0.738,17.799999999999997,,,,,2025-05-21
2025-05-21 17:28:00+07:00,8721.5,32.095,0.31,9.9,26.54,0.275,7.25,,,,,,,14003.5,29.4,59.650000000000006,6038.749755000001,11.279885,0.73,17.55,,,,,2025-05-21
2025-05-21 17:30:00+07:00,8723.5,32.075,0.31,9.9,26.54,0.265,7.0,,,,,,,14005.5,29.35,59.650000000000006,5919.999755000001,10.78313,0.712,17.2,,,,,2025-05-21
2025-05-21 17:32:00+07:00,8725.5,32.05,0.3,9.6,26.54,0.255,6.75,,,,,,,14007.5,29.3,59.8,5775.4165,10.20282,0.696,16.65,,,,,2025-05-21
2025-05-21 17:34:00+07:00,8727.5,32.02,0.29,9.2,26.54,0.25,6.6,,,,,,,14009.5,29.2,59.8,5592.08325,9.526045,0.672,16.1,,,,,2025-05-21
2025-05-21 17:36:00+07:00,8729.5,31.975,0.275,8.75,26.54,0.235,6.199999999999999,,,,,,,14011.5,29.2,59.9,5365.83325,8.733,0.644,15.4,,,,,2025-05-21
2025-05-21 17:38:00+07:00,8731.5,31.915,0.255,8.100000000000001,26.535,0.215,5.65,,,,,,,14013.5,29.1,59.9,5075.83325,7.870604999999999,0.61,14.65,,,,,2025-05-21
2025-05-21 17:40:00+07:00,8733.5,31.85,0.235,7.449999999999999,26.53,0.195,5.15,,,,,,,14015.5,29.05,59.95,4738.75,6.728680000000001,0.5640000000000001,13.55,,,,,2025-05-21
2025-05-21 17:42:00+07:00,8735.5,31.765,0.215,6.75,26.53,0.175,4.6,,,,,,,14017.5,29.0,60.05,4357.916505,5.56861,0.516,12.25,,,,,2025-05-21
2025-05-21 17:44:00+07:00,8737.5,31.675,0.19,5.8,26.52,0.15,3.95,,,,,,,14019.5,28.95,60.150000000000006,3969.58325,4.49517,0.4659999999999999,10.95,,,,,2025-05-21
2025-05-21 17:46:00+07:00,8739.5,31.575000000000003,0.16,5.0,26.515,0.13,3.4000000000000004,,,,,,,14021.5,28.85,60.3,3585.83313,3.647985,0.418,9.9,,,,,2025-05-21
2025-05-21 17:48:00+07:00,8741.5,31.47,0.14,4.4,26.51,0.105,2.75,,,,,,,14023.5,28.75,60.3,3242.499875,2.8523050000000003,0.37,8.75,,,,,2025-05-21
2025-05-21 17:50:00+07:00,8743.5,31.375,0.12,3.7,26.5,0.095,2.45,,,,,,,14025.5,28.65,60.4,2962.916625,2.22077,0.334,7.550000000000001,,,,,2025-05-21
2025-05-21 17:52:00+07:00,8745.5,31.285,0.1149999999999999,3.55,26.5,0.075,1.95,,,,,,,14027.5,28.6,60.5,2709.58325,1.809615,0.302,6.8,,,,,2025-05-21
2025-05-21 17:54:00+07:00,8747.5,31.18,0.1,3.1,26.49,0.065,1.65,,,,,,,14029.5,28.5,60.6,2469.58325,1.498445,0.27,6.3,,,,,2025-05-21
2025-05-21 17:56:00+07:00,8749.5,31.065,0.0849999999999999,2.4000000000000004,26.49,0.055,1.4,,,,,,,14031.5,28.4,60.650000000000006,2229.1665,1.152435,0.24,5.449999999999999,,,,,2025-05-21
2025-05-21 17:58:00+07:00,8751.5,30.93,0.075,2.25,26.485,0.04,1.0,,,,,,,14033.5,28.3,60.7,2004.999875,0.942945,0.214,5.0,,,,,2025-05-21
2025-05-21 18:00:00+07:00,8753.5,15.425,0.03,0.9,26.48,0.025,0.7,,,,,,,14035.5,28.15,60.85,1814.16663,0.69435,0.19,4.15,,,,,2025-05-21
